txId,output_address
230325127,1GASxu5nMntiRKdVtTVRvEbP965G51bhHH
230325127,14YRXHHof4BY1TVxN5FqYPcEdpmXiYT78a
230332604,1EwNBp4AGExZ3Mu5jVM5byuysaYFLE6udL
230468057,134bmAHQEW7QDcCasqUn23xDefiDDcWuHP
230468057,1EEGjjA9cqwar62M1MRLWuGGZvCuLooqCk
230468057,1PzZ4dFc8avdPDLLyqRDdZsWbWgFVcqUG5
244691847,1PzZ4dFc8avdPDLLyqRDdZsWbWgFVcqUG5
2870840,1PzZ4dFc8avdPDLLyqRDdZsWbWgFVcqUG5
86619974,1PzZ4dFc8avdPDLLyqRDdZsWbWgFVcqUG5
227641342,1PzZ4dFc8avdPDLLyqRDdZsWbWgFVcqUG5
2870844,1PzZ4dFc8avdPDLLyqRDdZsWbWgFVcqUG5
